--
-- PostgreSQL database dump
--

-- Dumped from database version 14.13 (Homebrew)
-- Dumped by pg_dump version 16.3 (Homebrew)

SET statement_timeout = 0;
SET lock_timeout = 0;
SET idle_in_transaction_session_timeout = 0;
SET client_encoding = 'UTF8';
SET standard_conforming_strings = on;
SELECT pg_catalog.set_config('search_path', '', false);
SET check_function_bodies = false;
SET xmloption = content;
SET client_min_messages = warning;
SET row_security = off;

--
-- Name: public; Type: SCHEMA; Schema: -; Owner: maziahmed
--

-- *not* creating schema, since initdb creates it


ALTER SCHEMA public OWNER TO maziahmed;

SET default_tablespace = '';

SET default_table_access_method = heap;

--
-- Name: auth_group; Type: TABLE; Schema: public; Owner: maziahmed
--

CREATE TABLE public.auth_group (
    id integer NOT NULL,
    name character varying(150) NOT NULL
);


ALTER TABLE public.auth_group OWNER TO maziahmed;

--
-- Name: auth_group_id_seq; Type: SEQUENCE; Schema: public; Owner: maziahmed
--

ALTER TABLE public.auth_group ALTER COLUMN id ADD GENERATED BY DEFAULT AS IDENTITY (
    SEQUENCE NAME public.auth_group_id_seq
    START WITH 1
    INCREMENT BY 1
    NO MINVALUE
    NO MAXVALUE
    CACHE 1
);


--
-- Name: auth_group_permissions; Type: TABLE; Schema: public; Owner: maziahmed
--

CREATE TABLE public.auth_group_permissions (
    id bigint NOT NULL,
    group_id integer NOT NULL,
    permission_id integer NOT NULL
);


ALTER TABLE public.auth_group_permissions OWNER TO maziahmed;

--
-- Name: auth_group_permissions_id_seq; Type: SEQUENCE; Schema: public; Owner: maziahmed
--

ALTER TABLE public.auth_group_permissions ALTER COLUMN id ADD GENERATED BY DEFAULT AS IDENTITY (
    SEQUENCE NAME public.auth_group_permissions_id_seq
    START WITH 1
    INCREMENT BY 1
    NO MINVALUE
    NO MAXVALUE
    CACHE 1
);


--
-- Name: auth_permission; Type: TABLE; Schema: public; Owner: maziahmed
--

CREATE TABLE public.auth_permission (
    id integer NOT NULL,
    name character varying(255) NOT NULL,
    content_type_id integer NOT NULL,
    codename character varying(100) NOT NULL
);


ALTER TABLE public.auth_permission OWNER TO maziahmed;

--
-- Name: auth_permission_id_seq; Type: SEQUENCE; Schema: public; Owner: maziahmed
--

ALTER TABLE public.auth_permission ALTER COLUMN id ADD GENERATED BY DEFAULT AS IDENTITY (
    SEQUENCE NAME public.auth_permission_id_seq
    START WITH 1
    INCREMENT BY 1
    NO MINVALUE
    NO MAXVALUE
    CACHE 1
);


--
-- Name: auth_user; Type: TABLE; Schema: public; Owner: maziahmed
--

CREATE TABLE public.auth_user (
    id integer NOT NULL,
    password character varying(128) NOT NULL,
    last_login timestamp with time zone,
    is_superuser boolean NOT NULL,
    username character varying(150) NOT NULL,
    first_name character varying(150) NOT NULL,
    last_name character varying(150) NOT NULL,
    email character varying(254) NOT NULL,
    is_staff boolean NOT NULL,
    is_active boolean NOT NULL,
    date_joined timestamp with time zone NOT NULL
);


ALTER TABLE public.auth_user OWNER TO maziahmed;

--
-- Name: auth_user_groups; Type: TABLE; Schema: public; Owner: maziahmed
--

CREATE TABLE public.auth_user_groups (
    id bigint NOT NULL,
    user_id integer NOT NULL,
    group_id integer NOT NULL
);


ALTER TABLE public.auth_user_groups OWNER TO maziahmed;

--
-- Name: auth_user_groups_id_seq; Type: SEQUENCE; Schema: public; Owner: maziahmed
--

ALTER TABLE public.auth_user_groups ALTER COLUMN id ADD GENERATED BY DEFAULT AS IDENTITY (
    SEQUENCE NAME public.auth_user_groups_id_seq
    START WITH 1
    INCREMENT BY 1
    NO MINVALUE
    NO MAXVALUE
    CACHE 1
);


--
-- Name: auth_user_id_seq; Type: SEQUENCE; Schema: public; Owner: maziahmed
--

ALTER TABLE public.auth_user ALTER COLUMN id ADD GENERATED BY DEFAULT AS IDENTITY (
    SEQUENCE NAME public.auth_user_id_seq
    START WITH 1
    INCREMENT BY 1
    NO MINVALUE
    NO MAXVALUE
    CACHE 1
);


--
-- Name: auth_user_user_permissions; Type: TABLE; Schema: public; Owner: maziahmed
--

CREATE TABLE public.auth_user_user_permissions (
    id bigint NOT NULL,
    user_id integer NOT NULL,
    permission_id integer NOT NULL
);


ALTER TABLE public.auth_user_user_permissions OWNER TO maziahmed;

--
-- Name: auth_user_user_permissions_id_seq; Type: SEQUENCE; Schema: public; Owner: maziahmed
--

ALTER TABLE public.auth_user_user_permissions ALTER COLUMN id ADD GENERATED BY DEFAULT AS IDENTITY (
    SEQUENCE NAME public.auth_user_user_permissions_id_seq
    START WITH 1
    INCREMENT BY 1
    NO MINVALUE
    NO MAXVALUE
    CACHE 1
);


--
-- Name: dialogue_dialogue; Type: TABLE; Schema: public; Owner: maziahmed
--

CREATE TABLE public.dialogue_dialogue (
    id bigint NOT NULL,
    date_of timestamp with time zone NOT NULL,
    status timestamp with time zone NOT NULL,
    product_id bigint NOT NULL
);


ALTER TABLE public.dialogue_dialogue OWNER TO maziahmed;

--
-- Name: dialogue_dialogue_id_seq; Type: SEQUENCE; Schema: public; Owner: maziahmed
--

ALTER TABLE public.dialogue_dialogue ALTER COLUMN id ADD GENERATED BY DEFAULT AS IDENTITY (
    SEQUENCE NAME public.dialogue_dialogue_id_seq
    START WITH 1
    INCREMENT BY 1
    NO MINVALUE
    NO MAXVALUE
    CACHE 1
);


--
-- Name: dialogue_dialogue_messengers; Type: TABLE; Schema: public; Owner: maziahmed
--

CREATE TABLE public.dialogue_dialogue_messengers (
    id bigint NOT NULL,
    dialogue_id bigint NOT NULL,
    user_id integer NOT NULL
);


ALTER TABLE public.dialogue_dialogue_messengers OWNER TO maziahmed;

--
-- Name: dialogue_dialogue_messengers_id_seq; Type: SEQUENCE; Schema: public; Owner: maziahmed
--

ALTER TABLE public.dialogue_dialogue_messengers ALTER COLUMN id ADD GENERATED BY DEFAULT AS IDENTITY (
    SEQUENCE NAME public.dialogue_dialogue_messengers_id_seq
    START WITH 1
    INCREMENT BY 1
    NO MINVALUE
    NO MAXVALUE
    CACHE 1
);


--
-- Name: dialogue_dialoguetext; Type: TABLE; Schema: public; Owner: maziahmed
--

CREATE TABLE public.dialogue_dialoguetext (
    id bigint NOT NULL,
    content text NOT NULL,
    date_of timestamp with time zone NOT NULL,
    created_dialogue_id integer NOT NULL,
    dialogue_id bigint NOT NULL
);


ALTER TABLE public.dialogue_dialoguetext OWNER TO maziahmed;

--
-- Name: dialogue_dialoguetext_id_seq; Type: SEQUENCE; Schema: public; Owner: maziahmed
--

ALTER TABLE public.dialogue_dialoguetext ALTER COLUMN id ADD GENERATED BY DEFAULT AS IDENTITY (
    SEQUENCE NAME public.dialogue_dialoguetext_id_seq
    START WITH 1
    INCREMENT BY 1
    NO MINVALUE
    NO MAXVALUE
    CACHE 1
);


--
-- Name: django_admin_log; Type: TABLE; Schema: public; Owner: maziahmed
--

CREATE TABLE public.django_admin_log (
    id integer NOT NULL,
    action_time timestamp with time zone NOT NULL,
    object_id text,
    object_repr character varying(200) NOT NULL,
    action_flag smallint NOT NULL,
    change_message text NOT NULL,
    content_type_id integer,
    user_id integer NOT NULL,
    CONSTRAINT django_admin_log_action_flag_check CHECK ((action_flag >= 0))
);


ALTER TABLE public.django_admin_log OWNER TO maziahmed;

--
-- Name: django_admin_log_id_seq; Type: SEQUENCE; Schema: public; Owner: maziahmed
--

ALTER TABLE public.django_admin_log ALTER COLUMN id ADD GENERATED BY DEFAULT AS IDENTITY (
    SEQUENCE NAME public.django_admin_log_id_seq
    START WITH 1
    INCREMENT BY 1
    NO MINVALUE
    NO MAXVALUE
    CACHE 1
);


--
-- Name: django_content_type; Type: TABLE; Schema: public; Owner: maziahmed
--

CREATE TABLE public.django_content_type (
    id integer NOT NULL,
    app_label character varying(100) NOT NULL,
    model character varying(100) NOT NULL
);


ALTER TABLE public.django_content_type OWNER TO maziahmed;

--
-- Name: django_content_type_id_seq; Type: SEQUENCE; Schema: public; Owner: maziahmed
--

ALTER TABLE public.django_content_type ALTER COLUMN id ADD GENERATED BY DEFAULT AS IDENTITY (
    SEQUENCE NAME public.django_content_type_id_seq
    START WITH 1
    INCREMENT BY 1
    NO MINVALUE
    NO MAXVALUE
    CACHE 1
);


--
-- Name: django_migrations; Type: TABLE; Schema: public; Owner: maziahmed
--

CREATE TABLE public.django_migrations (
    id bigint NOT NULL,
    app character varying(255) NOT NULL,
    name character varying(255) NOT NULL,
    applied timestamp with time zone NOT NULL
);


ALTER TABLE public.django_migrations OWNER TO maziahmed;

--
-- Name: django_migrations_id_seq; Type: SEQUENCE; Schema: public; Owner: maziahmed
--

ALTER TABLE public.django_migrations ALTER COLUMN id ADD GENERATED BY DEFAULT AS IDENTITY (
    SEQUENCE NAME public.django_migrations_id_seq
    START WITH 1
    INCREMENT BY 1
    NO MINVALUE
    NO MAXVALUE
    CACHE 1
);


--
-- Name: django_session; Type: TABLE; Schema: public; Owner: maziahmed
--

CREATE TABLE public.django_session (
    session_key character varying(40) NOT NULL,
    session_data text NOT NULL,
    expire_date timestamp with time zone NOT NULL
);


ALTER TABLE public.django_session OWNER TO maziahmed;

--
-- Name: product_category; Type: TABLE; Schema: public; Owner: maziahmed
--

CREATE TABLE public.product_category (
    id bigint NOT NULL,
    name character varying(255) NOT NULL,
    icon_class character varying(255)
);


ALTER TABLE public.product_category OWNER TO maziahmed;

--
-- Name: product_category_id_seq; Type: SEQUENCE; Schema: public; Owner: maziahmed
--

ALTER TABLE public.product_category ALTER COLUMN id ADD GENERATED BY DEFAULT AS IDENTITY (
    SEQUENCE NAME public.product_category_id_seq
    START WITH 1
    INCREMENT BY 1
    NO MINVALUE
    NO MAXVALUE
    CACHE 1
);


--
-- Name: product_product; Type: TABLE; Schema: public; Owner: maziahmed
--

CREATE TABLE public.product_product (
    id bigint NOT NULL,
    name character varying(255) NOT NULL,
    description text,
    price numeric(10,2) NOT NULL,
    item_sold boolean NOT NULL,
    created_date timestamp with time zone NOT NULL,
    category_id bigint NOT NULL,
    created_by_id integer NOT NULL,
    condition character varying(20),
    location character varying(255)
);


ALTER TABLE public.product_product OWNER TO maziahmed;

--
-- Name: product_product_id_seq; Type: SEQUENCE; Schema: public; Owner: maziahmed
--

ALTER TABLE public.product_product ALTER COLUMN id ADD GENERATED BY DEFAULT AS IDENTITY (
    SEQUENCE NAME public.product_product_id_seq
    START WITH 1
    INCREMENT BY 1
    NO MINVALUE
    NO MAXVALUE
    CACHE 1
);


--
-- Name: product_productimage; Type: TABLE; Schema: public; Owner: maziahmed
--

CREATE TABLE public.product_productimage (
    id bigint NOT NULL,
    image character varying(100) NOT NULL,
    product_id bigint NOT NULL
);


ALTER TABLE public.product_productimage OWNER TO maziahmed;

--
-- Name: product_productimage_id_seq; Type: SEQUENCE; Schema: public; Owner: maziahmed
--

ALTER TABLE public.product_productimage ALTER COLUMN id ADD GENERATED BY DEFAULT AS IDENTITY (
    SEQUENCE NAME public.product_productimage_id_seq
    START WITH 1
    INCREMENT BY 1
    NO MINVALUE
    NO MAXVALUE
    CACHE 1
);


--
-- Name: userprofile_userprofile; Type: TABLE; Schema: public; Owner: maziahmed
--

CREATE TABLE public.userprofile_userprofile (
    id bigint NOT NULL,
    profile_picture character varying(100),
    user_id integer NOT NULL
);


ALTER TABLE public.userprofile_userprofile OWNER TO maziahmed;

--
-- Name: userprofile_userprofile_id_seq; Type: SEQUENCE; Schema: public; Owner: maziahmed
--

ALTER TABLE public.userprofile_userprofile ALTER COLUMN id ADD GENERATED BY DEFAULT AS IDENTITY (
    SEQUENCE NAME public.userprofile_userprofile_id_seq
    START WITH 1
    INCREMENT BY 1
    NO MINVALUE
    NO MAXVALUE
    CACHE 1
);


--
-- Data for Name: auth_group; Type: TABLE DATA; Schema: public; Owner: maziahmed
--

COPY public.auth_group (id, name) FROM stdin;
\.


--
-- Data for Name: auth_group_permissions; Type: TABLE DATA; Schema: public; Owner: maziahmed
--

COPY public.auth_group_permissions (id, group_id, permission_id) FROM stdin;
\.


--
-- Data for Name: auth_permission; Type: TABLE DATA; Schema: public; Owner: maziahmed
--

COPY public.auth_permission (id, name, content_type_id, codename) FROM stdin;
1	Can add log entry	1	add_logentry
2	Can change log entry	1	change_logentry
3	Can delete log entry	1	delete_logentry
4	Can view log entry	1	view_logentry
5	Can add permission	2	add_permission
6	Can change permission	2	change_permission
7	Can delete permission	2	delete_permission
8	Can view permission	2	view_permission
9	Can add group	3	add_group
10	Can change group	3	change_group
11	Can delete group	3	delete_group
12	Can view group	3	view_group
13	Can add user	4	add_user
14	Can change user	4	change_user
15	Can delete user	4	delete_user
16	Can view user	4	view_user
17	Can add content type	5	add_contenttype
18	Can change content type	5	change_contenttype
19	Can delete content type	5	delete_contenttype
20	Can view content type	5	view_contenttype
21	Can add session	6	add_session
22	Can change session	6	change_session
23	Can delete session	6	delete_session
24	Can view session	6	view_session
25	Can add category	7	add_category
26	Can change category	7	change_category
27	Can delete category	7	delete_category
28	Can view category	7	view_category
29	Can add product	8	add_product
30	Can change product	8	change_product
31	Can delete product	8	delete_product
32	Can view product	8	view_product
33	Can add dialogue text	9	add_dialoguetext
34	Can change dialogue text	9	change_dialoguetext
35	Can delete dialogue text	9	delete_dialoguetext
36	Can view dialogue text	9	view_dialoguetext
37	Can add dialogue	10	add_dialogue
38	Can change dialogue	10	change_dialogue
39	Can delete dialogue	10	delete_dialogue
40	Can view dialogue	10	view_dialogue
41	Can add product image	11	add_productimage
42	Can change product image	11	change_productimage
43	Can delete product image	11	delete_productimage
44	Can view product image	11	view_productimage
45	Can add user profile	12	add_userprofile
46	Can change user profile	12	change_userprofile
47	Can delete user profile	12	delete_userprofile
48	Can view user profile	12	view_userprofile
\.


--
-- Data for Name: auth_user; Type: TABLE DATA; Schema: public; Owner: maziahmed
--

COPY public.auth_user (id, password, last_login, is_superuser, username, first_name, last_name, email, is_staff, is_active, date_joined) FROM stdin;
2	pbkdf2_sha256$600000$z0xdpL8RaQCAelGuFUR44F$me/9RGooJw2JL3sllguN6RCDCpt+8Wy2ArsEsrAPhk8=	2024-09-16 21:29:57.589763-04	f	user1			user1@bazaar.com	f	t	2024-09-16 19:16:32.076003-04
1	pbkdf2_sha256$600000$pp6ViZzRjE8CQ76aO18G8j$vdjL2qKIEa3Kjt+9maQb9E8U6flupQPuDwVMKJrlSrk=	2024-10-02 21:03:41.688154-04	t	maziahmed			maziahmed@bazaar.com	t	t	2024-09-10 21:11:50.899268-04
\.


--
-- Data for Name: auth_user_groups; Type: TABLE DATA; Schema: public; Owner: maziahmed
--

COPY public.auth_user_groups (id, user_id, group_id) FROM stdin;
\.


--
-- Data for Name: auth_user_user_permissions; Type: TABLE DATA; Schema: public; Owner: maziahmed
--

COPY public.auth_user_user_permissions (id, user_id, permission_id) FROM stdin;
\.


--
-- Data for Name: dialogue_dialogue; Type: TABLE DATA; Schema: public; Owner: maziahmed
--

COPY public.dialogue_dialogue (id, date_of, status, product_id) FROM stdin;
2	2024-10-01 19:43:01.01851-04	2024-10-01 19:43:01.034667-04	8
3	2024-10-02 01:47:05.52005-04	2024-10-02 01:47:05.570395-04	7
1	2024-09-19 04:59:52.996557-04	2024-10-02 21:09:13.993227-04	3
\.


--
-- Data for Name: dialogue_dialogue_messengers; Type: TABLE DATA; Schema: public; Owner: maziahmed
--

COPY public.dialogue_dialogue_messengers (id, dialogue_id, user_id) FROM stdin;
1	1	2
2	1	1
3	2	1
4	2	2
5	3	1
6	3	2
\.


--
-- Data for Name: dialogue_dialoguetext; Type: TABLE DATA; Schema: public; Owner: maziahmed
--

COPY public.dialogue_dialoguetext (id, content, date_of, created_dialogue_id, dialogue_id) FROM stdin;
1	hi	2024-09-19 04:59:53.019381-04	2	1
2	hello	2024-09-19 23:13:47.500043-04	2	1
3	is this item still available?	2024-09-19 23:13:58.393999-04	2	1
4	hello, yes it is!	2024-09-19 23:17:51.057171-04	1	1
5	are you still interested	2024-10-01 17:35:43.51995-04	1	1
6	Is this item still available?	2024-10-01 19:43:01.036674-04	1	2
7	Is this item still available?	2024-10-02 01:47:05.572944-04	1	3
8	hey are you there?	2024-10-02 21:09:13.991548-04	1	1
\.


--
-- Data for Name: django_admin_log; Type: TABLE DATA; Schema: public; Owner: maziahmed
--

COPY public.django_admin_log (id, action_time, object_id, object_repr, action_flag, change_message, content_type_id, user_id) FROM stdin;
1	2024-09-10 21:13:00.714109-04	1	Category object (1)	1	[{"added": {}}]	7	1
2	2024-09-10 21:13:09.477471-04	2	Category object (2)	1	[{"added": {}}]	7	1
3	2024-09-10 21:13:15.044481-04	3	Category object (3)	1	[{"added": {}}]	7	1
4	2024-09-11 18:46:15.106406-04	1	Product object (1)	1	[{"added": {}}]	8	1
5	2024-09-11 18:46:38.058028-04	2	Category object (2)	2	[]	7	1
6	2024-09-11 18:55:33.670734-04	2	Product object (2)	1	[{"added": {}}]	8	1
7	2024-09-14 02:34:14.730563-04	2	Sweatpants	2	[{"changed": {"fields": ["Image"]}}]	8	1
8	2024-09-14 11:22:29.673214-04	3	Gameboy	1	[{"added": {}}]	8	1
9	2024-09-14 11:22:32.570146-04	2	Sweatpants	2	[]	8	1
10	2024-09-16 21:29:51.41656-04	2	user1	2	[{"changed": {"fields": ["password"]}}]	4	1
11	2024-09-24 19:28:28.958134-04	2	Clothing	2	[{"changed": {"fields": ["Icon class"]}}]	7	1
12	2024-09-24 19:28:57.634187-04	1	Electronics	2	[{"changed": {"fields": ["Icon class"]}}]	7	1
13	2024-09-24 19:29:16.620538-04	3	Furniture	2	[{"changed": {"fields": ["Icon class"]}}]	7	1
14	2024-09-24 19:34:07.968562-04	4	Gaming	1	[{"added": {}}]	7	1
15	2024-09-24 19:39:29.986931-04	5	Sports	1	[{"added": {}}]	7	1
16	2024-09-24 19:41:20.115352-04	3	Home	2	[{"changed": {"fields": ["Name"]}}]	7	1
17	2024-09-24 19:42:14.508765-04	2	Apparel	2	[{"changed": {"fields": ["Name"]}}]	7	1
18	2024-09-24 19:43:04.369592-04	6	Vehicles	1	[{"added": {}}]	7	1
19	2024-09-24 19:44:47.596674-04	7	Free	1	[{"added": {}}]	7	1
20	2024-09-24 19:48:44.687586-04	8	Pet	1	[{"added": {}}]	7	1
21	2024-09-24 21:25:07.039186-04	9	Office	1	[{"added": {}}]	7	1
22	2024-09-24 21:26:13.522745-04	10	View All	1	[{"added": {}}]	7	1
23	2024-09-24 21:26:28.747986-04	9	Office	2	[]	7	1
24	2024-09-24 21:27:25.503935-04	9	Office	2	[{"changed": {"fields": ["Icon class"]}}]	7	1
25	2024-09-24 21:30:45.126634-04	10	Beauty	2	[{"changed": {"fields": ["Name", "Icon class"]}}]	7	1
26	2024-09-26 03:07:40.65679-04	7	Versace Sunglasses	1	[{"added": {}}]	8	1
27	2024-09-26 03:08:04.559189-04	7	Versace Sunglasses	2	[{"changed": {"fields": ["Price"]}}]	8	1
28	2024-09-26 03:13:08.897316-04	8	Beanbag Chair	1	[{"added": {}}]	8	1
29	2024-09-27 01:37:21.898859-04	7	Versace Sunglasses	2	[{"changed": {"fields": ["Created by"]}}]	8	1
30	2024-10-01 01:23:56.364645-04	9	Desk Lamp	2	[{"changed": {"fields": ["Condition", "Location"]}}, {"added": {"name": "product image", "object": "Image for Desk Lamp"}}, {"added": {"name": "product image", "object": "Image for Desk Lamp"}}]	8	1
31	2024-10-01 02:39:47.997429-04	8	Beanbag Chair	2	[{"added": {"name": "product image", "object": "Image for Beanbag Chair"}}, {"added": {"name": "product image", "object": "Image for Beanbag Chair"}}]	8	1
32	2024-10-01 02:40:11.010179-04	8	Beanbag Chair	2	[{"changed": {"fields": ["Condition", "Location", "Created by"]}}]	8	1
33	2024-10-01 02:40:21.358347-04	7	Versace Sunglasses	2	[{"added": {"name": "product image", "object": "Image for Versace Sunglasses"}}]	8	1
34	2024-10-01 02:43:17.33783-04	3	Gameboy	2	[{"changed": {"fields": ["Condition", "Location"]}}, {"added": {"name": "product image", "object": "Image for Gameboy"}}, {"added": {"name": "product image", "object": "Image for Gameboy"}}]	8	1
35	2024-10-01 02:45:32.692114-04	2	Sweatpants	2	[{"changed": {"fields": ["Condition", "Location"]}}, {"added": {"name": "product image", "object": "Image for Sweatpants"}}]	8	1
36	2024-10-01 02:46:17.121277-04	1	Laptop	2	[{"changed": {"fields": ["Condition", "Location"]}}, {"added": {"name": "product image", "object": "Image for Laptop"}}]	8	1
37	2024-10-02 02:42:16.890317-04	22	Nintendo Switch	1	[{"added": {}}, {"added": {"name": "product image", "object": "Image for Nintendo Switch"}}, {"added": {"name": "product image", "object": "Image for Nintendo Switch"}}]	8	1
38	2024-10-02 07:18:15.683485-04	1	maziahmed	1	[{"added": {}}]	12	1
39	2024-10-02 07:18:38.883139-04	1	maziahmed	2	[]	12	1
40	2024-10-02 07:30:25.15572-04	2	user1	1	[{"added": {}}]	12	1
41	2024-10-02 07:54:58.824317-04	23	Wall Calendar	1	[{"added": {}}, {"added": {"name": "product image", "object": "Image for Wall Calendar"}}]	8	1
42	2024-10-02 07:55:06.176227-04	24	Wall Calendar	1	[{"added": {}}, {"added": {"name": "product image", "object": "Image for Wall Calendar"}}]	8	1
43	2024-10-02 07:55:21.20268-04	23	Wall Calendar	3		8	1
44	2024-10-02 07:58:13.532897-04	25	Batman Hoodie	1	[{"added": {}}, {"added": {"name": "product image", "object": "Image for Batman Hoodie"}}]	8	1
45	2024-10-02 08:01:07.409321-04	26	Printer	1	[{"added": {}}, {"added": {"name": "product image", "object": "Image for Printer"}}, {"added": {"name": "product image", "object": "Image for Printer"}}]	8	1
46	2024-10-02 08:02:52.651264-04	27	Cat Costume	1	[{"added": {}}, {"added": {"name": "product image", "object": "Image for Cat Costume"}}, {"added": {"name": "product image", "object": "Image for Cat Costume"}}]	8	1
47	2024-10-02 08:03:23.467441-04	7	Sunglasses	2	[{"changed": {"fields": ["Name"]}}]	8	1
48	2024-10-02 08:07:01.616511-04	28	Knicks Jersey	1	[{"added": {}}, {"added": {"name": "product image", "object": "Image for Knicks Jersey"}}]	8	1
49	2024-10-02 08:10:52.081451-04	29	Golf Cart	1	[{"added": {}}, {"added": {"name": "product image", "object": "Image for Golf Cart"}}]	8	1
50	2024-10-02 08:12:55.991305-04	30	Pokemon Cards	1	[{"added": {}}, {"added": {"name": "product image", "object": "Image for Pokemon Cards"}}]	8	1
51	2024-10-02 08:17:58.566515-04	31	Mugs	1	[{"added": {}}, {"added": {"name": "product image", "object": "Image for Mugs"}}, {"added": {"name": "product image", "object": "Image for Mugs"}}]	8	1
\.


--
-- Data for Name: django_content_type; Type: TABLE DATA; Schema: public; Owner: maziahmed
--

COPY public.django_content_type (id, app_label, model) FROM stdin;
1	admin	logentry
2	auth	permission
3	auth	group
4	auth	user
5	contenttypes	contenttype
6	sessions	session
7	product	category
8	product	product
9	dialogue	dialoguetext
10	dialogue	dialogue
11	product	productimage
12	userprofile	userprofile
\.


--
-- Data for Name: django_migrations; Type: TABLE DATA; Schema: public; Owner: maziahmed
--

COPY public.django_migrations (id, app, name, applied) FROM stdin;
1	contenttypes	0001_initial	2024-09-10 21:08:55.808676-04
2	auth	0001_initial	2024-09-10 21:08:55.844388-04
3	admin	0001_initial	2024-09-10 21:08:55.852929-04
4	admin	0002_logentry_remove_auto_add	2024-09-10 21:08:55.856624-04
5	admin	0003_logentry_add_action_flag_choices	2024-09-10 21:08:55.860462-04
6	contenttypes	0002_remove_content_type_name	2024-09-10 21:08:55.868164-04
7	auth	0002_alter_permission_name_max_length	2024-09-10 21:08:55.871652-04
8	auth	0003_alter_user_email_max_length	2024-09-10 21:08:55.876051-04
9	auth	0004_alter_user_username_opts	2024-09-10 21:08:55.882281-04
10	auth	0005_alter_user_last_login_null	2024-09-10 21:08:55.88662-04
11	auth	0006_require_contenttypes_0002	2024-09-10 21:08:55.888833-04
12	auth	0007_alter_validators_add_error_messages	2024-09-10 21:08:55.893589-04
13	auth	0008_alter_user_username_max_length	2024-09-10 21:08:55.90398-04
14	auth	0009_alter_user_last_name_max_length	2024-09-10 21:08:55.913851-04
15	auth	0010_alter_group_name_max_length	2024-09-10 21:08:55.921011-04
16	auth	0011_update_proxy_permissions	2024-09-10 21:08:55.924923-04
17	auth	0012_alter_user_first_name_max_length	2024-09-10 21:08:55.929231-04
18	product	0001_initial	2024-09-10 21:08:55.933215-04
19	product	0002_alter_category_options_product	2024-09-10 21:08:55.954449-04
20	sessions	0001_initial	2024-09-10 21:08:55.960374-04
21	dialogue	0001_initial	2024-09-19 01:50:54.958073-04
22	product	0003_category_icon_class	2024-09-24 02:12:57.678757-04
23	product	0004_remove_product_image_product_condition_and_more	2024-10-01 01:15:18.035328-04
24	product	0005_alter_product_price	2024-10-01 03:04:13.683316-04
25	userprofile	0001_initial	2024-10-02 07:13:24.385691-04
\.


--
-- Data for Name: django_session; Type: TABLE DATA; Schema: public; Owner: maziahmed
--

COPY public.django_session (session_key, session_data, expire_date) FROM stdin;
hf2jrftfl5z8495rul267xnrs850ajob	.eJxVjDsOwjAQBe_iGlnr2LvGlPQ5g7X-4QBypDipEHeHSCmgfTPzXsLztla_9bz4KYmLUOL0uwWOj9x2kO7cbrOMc1uXKchdkQftcpxTfl4P9--gcq_fOgPbYFDZEhQ4DflsinJImQtGsBgHSBqBCDU4dmgoFY2BBwJNjCTeH8koNtc:1soBto:--FBzL-iOR_up4uBRKwt5ashmGpk9T-U9tL0VflIlBw	2024-09-24 21:12:00.32131-04
m3y5etj37jji2jpr1jlsgp2xb2ip3vm5	.eJxVjDsOwjAQBe_iGlnr2LvGlPQ5g7X-4QBypDipEHeHSCmgfTPzXsLztla_9bz4KYmLUOL0uwWOj9x2kO7cbrOMc1uXKchdkQftcpxTfl4P9--gcq_fOgPbYFDZEhQ4DflsinJImQtGsBgHSBqBCDU4dmgoFY2BBwJNjCTeH8koNtc:1srU9H:3d2sGgmRNwULVr0N9WV_2SnrjIMGGCbCU7xd5mw0mjU	2024-10-03 23:17:35.853661-04
dm4msao000xxgstte2h7mf33oy51jlb4	.eJxVjDsOwjAQBe_iGlnr2LvGlPQ5g7X-4QBypDipEHeHSCmgfTPzXsLztla_9bz4KYmLUOL0uwWOj9x2kO7cbrOMc1uXKchdkQftcpxTfl4P9--gcq_fOgPbYFDZEhQ4DflsinJImQtGsBgHSBqBCDU4dmgoFY2BBwJNjCTeH8koNtc:1svXMd:Q1ehL_75mSVSphO2pkUu_VP9Ge0DrjcyiGi3XWDz0wk	2024-10-15 03:32:07.04773-04
cim65q2k2owii2jt01yvrzjbb41t0skr	.eJxVjDsOwjAQBe_iGlnr2LvGlPQ5g7X-4QBypDipEHeHSCmgfTPzXsLztla_9bz4KYmLUOL0uwWOj9x2kO7cbrOMc1uXKchdkQftcpxTfl4P9--gcq_fOgPbYFDZEhQ4DflsinJImQtGsBgHSBqBCDU4dmgoFY2BBwJNjCTeH8koNtc:1svpIs:naKoyhf26hlznqBe1f1N6FM5i_qeSmE3lk07oeSut30	2024-10-15 22:41:26.886538-04
18izou9am8j80e024cj2hpm9imwg5f46	.eJxVjDsOwjAQBe_iGlnr2LvGlPQ5g7X-4QBypDipEHeHSCmgfTPzXsLztla_9bz4KYmLUOL0uwWOj9x2kO7cbrOMc1uXKchdkQftcpxTfl4P9--gcq_fOgPbYFDZEhQ4DflsinJImQtGsBgHSBqBCDU4dmgoFY2BBwJNjCTeH8koNtc:1svviT:oDRj3yuEYfUNB4pMAEkxrBs5nuoq3oNff-9k9DeEuMo	2024-10-16 05:32:17.050761-04
vdxoy7x6cqhcrx5w72p0lj7zz5gmesei	.eJxVjDsOwjAQBe_iGlnr2LvGlPQ5g7X-4QBypDipEHeHSCmgfTPzXsLztla_9bz4KYmLUOL0uwWOj9x2kO7cbrOMc1uXKchdkQftcpxTfl4P9--gcq_fOgPbYFDZEhQ4DflsinJImQtGsBgHSBqBCDU4dmgoFY2BBwJNjCTeH8koNtc:1svvlu:_AOluprNs1bobF6X4ZepVvixk6kFV0f1qi_Tt-8J5kU	2024-10-16 05:35:50.439922-04
d8cw5i4dj0y02g7dehr3lbkb6g3hzpxw	.eJxVjDsOwjAQBe_iGlnr2LvGlPQ5g7X-4QBypDipEHeHSCmgfTPzXsLztla_9bz4KYmLUOL0uwWOj9x2kO7cbrOMc1uXKchdkQftcpxTfl4P9--gcq_fOgPbYFDZEhQ4DflsinJImQtGsBgHSBqBCDU4dmgoFY2BBwJNjCTeH8koNtc:1svwpl:2hwC0GOfQ4Inf4M0ATEJ9D3khx9GfSHfqhx6t5iXn9E	2024-10-16 06:43:53.918409-04
s67sh1896dym3v28spmdk163mw06wceh	.eJxVjDsOwjAQBe_iGlnr2LvGlPQ5g7X-4QBypDipEHeHSCmgfTPzXsLztla_9bz4KYmLUOL0uwWOj9x2kO7cbrOMc1uXKchdkQftcpxTfl4P9--gcq_fOgPbYFDZEhQ4DflsinJImQtGsBgHSBqBCDU4dmgoFY2BBwJNjCTeH8koNtc:1svwsB:04kH5asTOwM-nSGYDyyWI3zyTFDwCqo59ztnhKRiiDc	2024-10-16 06:46:23.558024-04
l6i7uek2xjamex3vkqgnanf0ijuquatq	.eJxVjDsOwjAQBe_iGlnr2LvGlPQ5g7X-4QBypDipEHeHSCmgfTPzXsLztla_9bz4KYmLUOL0uwWOj9x2kO7cbrOMc1uXKchdkQftcpxTfl4P9--gcq_fOgPbYFDZEhQ4DflsinJImQtGsBgHSBqBCDU4dmgoFY2BBwJNjCTeH8koNtc:1swAFp:wC7LiBZiFK0EJ3Q9MyBk5--5uVIIsYAWf7u-yXZrWhE	2024-10-16 21:03:41.69841-04
\.


--
-- Data for Name: product_category; Type: TABLE DATA; Schema: public; Owner: maziahmed
--

COPY public.product_category (id, name, icon_class) FROM stdin;
1	Electronics	fa-solid fa-laptop
4	Gaming	fa-solid fa-gamepad
5	Sports	fa-solid fa-futbol
3	Home	fa-solid fa-couch
2	Apparel	fa-solid fa-shirt
6	Vehicles	fa-solid fa-car
7	Free	fa-solid fa-face-smile
8	Pet	fa-solid fa-paw
9	Office	fa-solid fa-pencil
10	Beauty	fa-solid fa-glasses
\.


--
-- Data for Name: product_product; Type: TABLE DATA; Schema: public; Owner: maziahmed
--

COPY public.product_product (id, name, description, price, item_sold, created_date, category_id, created_by_id, condition, location) FROM stdin;
5	Straw Hat	Straw Hat	10000.00	t	2024-09-18 00:26:26.535373-04	2	2	\N	\N
9	Desk Lamp	ANTIQUE ELECTRIC DESK LAMP\r\ncirca 1884-1900\r\nBrand: Shoemaker	1500.00	f	2024-09-28 14:55:26.312208-04	3	1	used_good	New York, NY
8	Beanbag Chair	Giving away this gray beanbag; exactly as shown in pic.	0.00	f	2024-09-26 03:13:08.894334-04	7	2	used_good	New York, NY
3	Gameboy	Original gameboy, used lightly.	50.00	f	2024-09-14 11:22:29.671702-04	1	1	used_like_new	New York, NY
1	Laptop	Brand new gaming laptop	500.00	f	2024-09-11 18:46:15.101652-04	1	1	new	New York, NY
11	Copy paper	1 ream	10.00	f	2024-10-01 04:22:00.066115-04	9	1	new	New York, NY
2	Sweatpants	Black sweatpants I never wore	15.00	f	2024-09-11 18:55:33.668946-04	2	1	used_like_new	New York, NY
12	sofa bed	folding sofa bed	300.00	f	2024-10-01 04:31:50.679835-04	3	1	new	New York, NY
22	Nintendo Switch	Nintendo switch; Comes with Smash	200.00	f	2024-10-02 02:42:16.886415-04	4	2	used_good	New York, NY
24	Wall Calendar	Better late than never, start filling up 2024 goals with this new calendar	0.00	f	2024-10-02 07:55:06.173787-04	7	2	new	New York, NY
25	Batman Hoodie	Kids XL Batman Hoodie, with hooded mask. Gotham isn't ready for this suit!	19.90	f	2024-10-02 07:58:13.528092-04	2	2	used_good	New York, NY
26	Printer	HP Deskjet 2542 All-In-One Inkjet Printer. Don't need anymore, is anyone still using paper...	50.00	f	2024-10-02 08:01:07.403445-04	9	1	used_like_new	New York, NY
27	Cat Costume	Cute Lion Mane Cat Wig. Adorable!!!	0.00	f	2024-10-02 08:02:52.646526-04	8	2	used_good	New York, NY
7	Sunglasses	Black Versace sunglasses - barely worn.	129.90	f	2024-09-26 03:07:40.651418-04	10	2	\N	\N
28	Knicks Jersey	NEW YORK KNICKS BASKETBALL SHIRT JERSEY CHAMPION NBA LATRELL SPREWELL # 8 sz 44	80.00	f	2024-10-02 08:07:01.61082-04	5	2	used_good	New York, NY
29	Golf Cart	Zip around quick; Brand new batteries	800.00	f	2024-10-02 08:10:52.077854-04	6	2	used_good	New York, NY
30	Pokemon Cards	Do you wanna be the very best?\r\nPokemon Card Binder - 270 Cards - Full Art Rares Included	0.00	f	2024-10-02 08:12:55.98778-04	7	1	used_good	New York, NY
31	Mugs	Set of 2 Mustache Mugs	0.00	f	2024-10-02 08:17:58.560772-04	7	2	used_like_new	New York, NY
32	sofa bed	folding sofa	10.00	f	2024-10-02 21:06:03.181987-04	3	1	used_like_new	New York, NY
\.


--
-- Data for Name: product_productimage; Type: TABLE DATA; Schema: public; Owner: maziahmed
--

COPY public.product_productimage (id, image, product_id) FROM stdin;
1	product_images/antique_lamp_KElnmgH.jpg	9
2	product_images/antique_lamp_2.jpg	9
3	product_images/beanbag_chair_zNRxTJO.jpg	8
4	product_images/beanbag_chair_2.jpg	8
5	product_images/versace_sunglasses_bd0rN8e.jpg	7
6	product_images/gameboy_1.jpg	3
7	product_images/gameboy_2.jpeg	3
8	product_images/sweatpants.jpg	2
9	product_images/gaming_laptop.png	1
12	product_images/copy_paper.jpg	11
13	product_images/folding_sofa_bed_ceZHSuP.jpg	12
14	product_images/folding_sofa_bed_2_Sivq8TE.jpg	12
21	product_images/nintendo_switch.jpg	22
22	product_images/nintendo_switch_2.jpg	22
24	product_images/wall_calendar_YtMZFPZ.jpg	24
25	product_images/batman_hoodie.jpg	25
26	product_images/printer.jpg	26
27	product_images/printer_2.jpg	26
28	product_images/cat_costume.jpg	27
29	product_images/cat_costume_2.jpg	27
30	product_images/knicks_jersey.jpg	28
31	product_images/golf_cart.jpg	29
32	product_images/pokemon_cards.jpeg	30
33	product_images/mug_.jpg	31
34	product_images/mug_2.jpeg	31
35	product_images/folding_sofa_bed_wrAsK6z.jpg	32
\.


--
-- Data for Name: userprofile_userprofile; Type: TABLE DATA; Schema: public; Owner: maziahmed
--

COPY public.userprofile_userprofile (id, profile_picture, user_id) FROM stdin;
1	profile_pictures/Mazi.png	1
2	profile_pictures/user1-icon.jpeg	2
\.


--
-- Name: auth_group_id_seq; Type: SEQUENCE SET; Schema: public; Owner: maziahmed
--

SELECT pg_catalog.setval('public.auth_group_id_seq', 1, false);


--
-- Name: auth_group_permissions_id_seq; Type: SEQUENCE SET; Schema: public; Owner: maziahmed
--

SELECT pg_catalog.setval('public.auth_group_permissions_id_seq', 1, false);


--
-- Name: auth_permission_id_seq; Type: SEQUENCE SET; Schema: public; Owner: maziahmed
--

SELECT pg_catalog.setval('public.auth_permission_id_seq', 48, true);


--
-- Name: auth_user_groups_id_seq; Type: SEQUENCE SET; Schema: public; Owner: maziahmed
--

SELECT pg_catalog.setval('public.auth_user_groups_id_seq', 1, false);


--
-- Name: auth_user_id_seq; Type: SEQUENCE SET; Schema: public; Owner: maziahmed
--

SELECT pg_catalog.setval('public.auth_user_id_seq', 2, true);


--
-- Name: auth_user_user_permissions_id_seq; Type: SEQUENCE SET; Schema: public; Owner: maziahmed
--

SELECT pg_catalog.setval('public.auth_user_user_permissions_id_seq', 1, false);


--
-- Name: dialogue_dialogue_id_seq; Type: SEQUENCE SET; Schema: public; Owner: maziahmed
--

SELECT pg_catalog.setval('public.dialogue_dialogue_id_seq', 3, true);


--
-- Name: dialogue_dialogue_messengers_id_seq; Type: SEQUENCE SET; Schema: public; Owner: maziahmed
--

SELECT pg_catalog.setval('public.dialogue_dialogue_messengers_id_seq', 6, true);


--
-- Name: dialogue_dialoguetext_id_seq; Type: SEQUENCE SET; Schema: public; Owner: maziahmed
--

SELECT pg_catalog.setval('public.dialogue_dialoguetext_id_seq', 8, true);


--
-- Name: django_admin_log_id_seq; Type: SEQUENCE SET; Schema: public; Owner: maziahmed
--

SELECT pg_catalog.setval('public.django_admin_log_id_seq', 51, true);


--
-- Name: django_content_type_id_seq; Type: SEQUENCE SET; Schema: public; Owner: maziahmed
--

SELECT pg_catalog.setval('public.django_content_type_id_seq', 12, true);


--
-- Name: django_migrations_id_seq; Type: SEQUENCE SET; Schema: public; Owner: maziahmed
--

SELECT pg_catalog.setval('public.django_migrations_id_seq', 25, true);


--
-- Name: product_category_id_seq; Type: SEQUENCE SET; Schema: public; Owner: maziahmed
--

SELECT pg_catalog.setval('public.product_category_id_seq', 10, true);


--
-- Name: product_product_id_seq; Type: SEQUENCE SET; Schema: public; Owner: maziahmed
--

SELECT pg_catalog.setval('public.product_product_id_seq', 32, true);


--
-- Name: product_productimage_id_seq; Type: SEQUENCE SET; Schema: public; Owner: maziahmed
--

SELECT pg_catalog.setval('public.product_productimage_id_seq', 35, true);


--
-- Name: userprofile_userprofile_id_seq; Type: SEQUENCE SET; Schema: public; Owner: maziahmed
--

SELECT pg_catalog.setval('public.userprofile_userprofile_id_seq', 2, true);


--
-- Name: auth_group auth_group_name_key; Type: CONSTRAINT; Schema: public; Owner: maziahmed
--

ALTER TABLE ONLY public.auth_group
    ADD CONSTRAINT auth_group_name_key UNIQUE (name);


--
-- Name: auth_group_permissions auth_group_permissions_group_id_permission_id_0cd325b0_uniq; Type: CONSTRAINT; Schema: public; Owner: maziahmed
--

ALTER TABLE ONLY public.auth_group_permissions
    ADD CONSTRAINT auth_group_permissions_group_id_permission_id_0cd325b0_uniq UNIQUE (group_id, permission_id);


--
-- Name: auth_group_permissions auth_group_permissions_pkey; Type: CONSTRAINT; Schema: public; Owner: maziahmed
--

ALTER TABLE ONLY public.auth_group_permissions
    ADD CONSTRAINT auth_group_permissions_pkey PRIMARY KEY (id);


--
-- Name: auth_group auth_group_pkey; Type: CONSTRAINT; Schema: public; Owner: maziahmed
--

ALTER TABLE ONLY public.auth_group
    ADD CONSTRAINT auth_group_pkey PRIMARY KEY (id);


--
-- Name: auth_permission auth_permission_content_type_id_codename_01ab375a_uniq; Type: CONSTRAINT; Schema: public; Owner: maziahmed
--

ALTER TABLE ONLY public.auth_permission
    ADD CONSTRAINT auth_permission_content_type_id_codename_01ab375a_uniq UNIQUE (content_type_id, codename);


--
-- Name: auth_permission auth_permission_pkey; Type: CONSTRAINT; Schema: public; Owner: maziahmed
--

ALTER TABLE ONLY public.auth_permission
    ADD CONSTRAINT auth_permission_pkey PRIMARY KEY (id);


--
-- Name: auth_user_groups auth_user_groups_pkey; Type: CONSTRAINT; Schema: public; Owner: maziahmed
--

ALTER TABLE ONLY public.auth_user_groups
    ADD CONSTRAINT auth_user_groups_pkey PRIMARY KEY (id);


--
-- Name: auth_user_groups auth_user_groups_user_id_group_id_94350c0c_uniq; Type: CONSTRAINT; Schema: public; Owner: maziahmed
--

ALTER TABLE ONLY public.auth_user_groups
    ADD CONSTRAINT auth_user_groups_user_id_group_id_94350c0c_uniq UNIQUE (user_id, group_id);


--
-- Name: auth_user auth_user_pkey; Type: CONSTRAINT; Schema: public; Owner: maziahmed
--

ALTER TABLE ONLY public.auth_user
    ADD CONSTRAINT auth_user_pkey PRIMARY KEY (id);


--
-- Name: auth_user_user_permissions auth_user_user_permissions_pkey; Type: CONSTRAINT; Schema: public; Owner: maziahmed
--

ALTER TABLE ONLY public.auth_user_user_permissions
    ADD CONSTRAINT auth_user_user_permissions_pkey PRIMARY KEY (id);


--
-- Name: auth_user_user_permissions auth_user_user_permissions_user_id_permission_id_14a6b632_uniq; Type: CONSTRAINT; Schema: public; Owner: maziahmed
--

ALTER TABLE ONLY public.auth_user_user_permissions
    ADD CONSTRAINT auth_user_user_permissions_user_id_permission_id_14a6b632_uniq UNIQUE (user_id, permission_id);


--
-- Name: auth_user auth_user_username_key; Type: CONSTRAINT; Schema: public; Owner: maziahmed
--

ALTER TABLE ONLY public.auth_user
    ADD CONSTRAINT auth_user_username_key UNIQUE (username);


--
-- Name: dialogue_dialogue_messengers dialogue_dialogue_messengers_dialogue_id_user_id_6d82b9e5_uniq; Type: CONSTRAINT; Schema: public; Owner: maziahmed
--

ALTER TABLE ONLY public.dialogue_dialogue_messengers
    ADD CONSTRAINT dialogue_dialogue_messengers_dialogue_id_user_id_6d82b9e5_uniq UNIQUE (dialogue_id, user_id);


--
-- Name: dialogue_dialogue_messengers dialogue_dialogue_messengers_pkey; Type: CONSTRAINT; Schema: public; Owner: maziahmed
--

ALTER TABLE ONLY public.dialogue_dialogue_messengers
    ADD CONSTRAINT dialogue_dialogue_messengers_pkey PRIMARY KEY (id);


--
-- Name: dialogue_dialogue dialogue_dialogue_pkey; Type: CONSTRAINT; Schema: public; Owner: maziahmed
--

ALTER TABLE ONLY public.dialogue_dialogue
    ADD CONSTRAINT dialogue_dialogue_pkey PRIMARY KEY (id);


--
-- Name: dialogue_dialoguetext dialogue_dialoguetext_pkey; Type: CONSTRAINT; Schema: public; Owner: maziahmed
--

ALTER TABLE ONLY public.dialogue_dialoguetext
    ADD CONSTRAINT dialogue_dialoguetext_pkey PRIMARY KEY (id);


--
-- Name: django_admin_log django_admin_log_pkey; Type: CONSTRAINT; Schema: public; Owner: maziahmed
--

ALTER TABLE ONLY public.django_admin_log
    ADD CONSTRAINT django_admin_log_pkey PRIMARY KEY (id);


--
-- Name: django_content_type django_content_type_app_label_model_76bd3d3b_uniq; Type: CONSTRAINT; Schema: public; Owner: maziahmed
--

ALTER TABLE ONLY public.django_content_type
    ADD CONSTRAINT django_content_type_app_label_model_76bd3d3b_uniq UNIQUE (app_label, model);


--
-- Name: django_content_type django_content_type_pkey; Type: CONSTRAINT; Schema: public; Owner: maziahmed
--

ALTER TABLE ONLY public.django_content_type
    ADD CONSTRAINT django_content_type_pkey PRIMARY KEY (id);


--
-- Name: django_migrations django_migrations_pkey; Type: CONSTRAINT; Schema: public; Owner: maziahmed
--

ALTER TABLE ONLY public.django_migrations
    ADD CONSTRAINT django_migrations_pkey PRIMARY KEY (id);


--
-- Name: django_session django_session_pkey; Type: CONSTRAINT; Schema: public; Owner: maziahmed
--

ALTER TABLE ONLY public.django_session
    ADD CONSTRAINT django_session_pkey PRIMARY KEY (session_key);


--
-- Name: product_category product_category_pkey; Type: CONSTRAINT; Schema: public; Owner: maziahmed
--

ALTER TABLE ONLY public.product_category
    ADD CONSTRAINT product_category_pkey PRIMARY KEY (id);


--
-- Name: product_product product_product_pkey; Type: CONSTRAINT; Schema: public; Owner: maziahmed
--

ALTER TABLE ONLY public.product_product
    ADD CONSTRAINT product_product_pkey PRIMARY KEY (id);


--
-- Name: product_productimage product_productimage_pkey; Type: CONSTRAINT; Schema: public; Owner: maziahmed
--

ALTER TABLE ONLY public.product_productimage
    ADD CONSTRAINT product_productimage_pkey PRIMARY KEY (id);


--
-- Name: userprofile_userprofile userprofile_userprofile_pkey; Type: CONSTRAINT; Schema: public; Owner: maziahmed
--

ALTER TABLE ONLY public.userprofile_userprofile
    ADD CONSTRAINT userprofile_userprofile_pkey PRIMARY KEY (id);


--
-- Name: userprofile_userprofile userprofile_userprofile_user_id_key; Type: CONSTRAINT; Schema: public; Owner: maziahmed
--

ALTER TABLE ONLY public.userprofile_userprofile
    ADD CONSTRAINT userprofile_userprofile_user_id_key UNIQUE (user_id);


--
-- Name: auth_group_name_a6ea08ec_like; Type: INDEX; Schema: public; Owner: maziahmed
--

CREATE INDEX auth_group_name_a6ea08ec_like ON public.auth_group USING btree (name varchar_pattern_ops);


--
-- Name: auth_group_permissions_group_id_b120cbf9; Type: INDEX; Schema: public; Owner: maziahmed
--

CREATE INDEX auth_group_permissions_group_id_b120cbf9 ON public.auth_group_permissions USING btree (group_id);


--
-- Name: auth_group_permissions_permission_id_84c5c92e; Type: INDEX; Schema: public; Owner: maziahmed
--

CREATE INDEX auth_group_permissions_permission_id_84c5c92e ON public.auth_group_permissions USING btree (permission_id);


--
-- Name: auth_permission_content_type_id_2f476e4b; Type: INDEX; Schema: public; Owner: maziahmed
--

CREATE INDEX auth_permission_content_type_id_2f476e4b ON public.auth_permission USING btree (content_type_id);


--
-- Name: auth_user_groups_group_id_97559544; Type: INDEX; Schema: public; Owner: maziahmed
--

CREATE INDEX auth_user_groups_group_id_97559544 ON public.auth_user_groups USING btree (group_id);


--
-- Name: auth_user_groups_user_id_6a12ed8b; Type: INDEX; Schema: public; Owner: maziahmed
--

CREATE INDEX auth_user_groups_user_id_6a12ed8b ON public.auth_user_groups USING btree (user_id);


--
-- Name: auth_user_user_permissions_permission_id_1fbb5f2c; Type: INDEX; Schema: public; Owner: maziahmed
--

CREATE INDEX auth_user_user_permissions_permission_id_1fbb5f2c ON public.auth_user_user_permissions USING btree (permission_id);


--
-- Name: auth_user_user_permissions_user_id_a95ead1b; Type: INDEX; Schema: public; Owner: maziahmed
--

CREATE INDEX auth_user_user_permissions_user_id_a95ead1b ON public.auth_user_user_permissions USING btree (user_id);


--
-- Name: auth_user_username_6821ab7c_like; Type: INDEX; Schema: public; Owner: maziahmed
--

CREATE INDEX auth_user_username_6821ab7c_like ON public.auth_user USING btree (username varchar_pattern_ops);


--
-- Name: dialogue_dialogue_messengers_dialogue_id_1ab85bcb; Type: INDEX; Schema: public; Owner: maziahmed
--

CREATE INDEX dialogue_dialogue_messengers_dialogue_id_1ab85bcb ON public.dialogue_dialogue_messengers USING btree (dialogue_id);


--
-- Name: dialogue_dialogue_messengers_user_id_6ea584e3; Type: INDEX; Schema: public; Owner: maziahmed
--

CREATE INDEX dialogue_dialogue_messengers_user_id_6ea584e3 ON public.dialogue_dialogue_messengers USING btree (user_id);


--
-- Name: dialogue_dialogue_product_id_0e329b6a; Type: INDEX; Schema: public; Owner: maziahmed
--

CREATE INDEX dialogue_dialogue_product_id_0e329b6a ON public.dialogue_dialogue USING btree (product_id);


--
-- Name: dialogue_dialoguetext_created_dialogue_id_f1c08f9e; Type: INDEX; Schema: public; Owner: maziahmed
--

CREATE INDEX dialogue_dialoguetext_created_dialogue_id_f1c08f9e ON public.dialogue_dialoguetext USING btree (created_dialogue_id);


--
-- Name: dialogue_dialoguetext_dialogue_id_ff0c084a; Type: INDEX; Schema: public; Owner: maziahmed
--

CREATE INDEX dialogue_dialoguetext_dialogue_id_ff0c084a ON public.dialogue_dialoguetext USING btree (dialogue_id);


--
-- Name: django_admin_log_content_type_id_c4bce8eb; Type: INDEX; Schema: public; Owner: maziahmed
--

CREATE INDEX django_admin_log_content_type_id_c4bce8eb ON public.django_admin_log USING btree (content_type_id);


--
-- Name: django_admin_log_user_id_c564eba6; Type: INDEX; Schema: public; Owner: maziahmed
--

CREATE INDEX django_admin_log_user_id_c564eba6 ON public.django_admin_log USING btree (user_id);


--
-- Name: django_session_expire_date_a5c62663; Type: INDEX; Schema: public; Owner: maziahmed
--

CREATE INDEX django_session_expire_date_a5c62663 ON public.django_session USING btree (expire_date);


--
-- Name: django_session_session_key_c0390e0f_like; Type: INDEX; Schema: public; Owner: maziahmed
--

CREATE INDEX django_session_session_key_c0390e0f_like ON public.django_session USING btree (session_key varchar_pattern_ops);


--
-- Name: product_product_category_id_0c725779; Type: INDEX; Schema: public; Owner: maziahmed
--

CREATE INDEX product_product_category_id_0c725779 ON public.product_product USING btree (category_id);


--
-- Name: product_product_created_by_id_96713f93; Type: INDEX; Schema: public; Owner: maziahmed
--

CREATE INDEX product_product_created_by_id_96713f93 ON public.product_product USING btree (created_by_id);


--
-- Name: product_productimage_product_id_544084bb; Type: INDEX; Schema: public; Owner: maziahmed
--

CREATE INDEX product_productimage_product_id_544084bb ON public.product_productimage USING btree (product_id);


--
-- Name: auth_group_permissions auth_group_permissio_permission_id_84c5c92e_fk_auth_perm; Type: FK CONSTRAINT; Schema: public; Owner: maziahmed
--

ALTER TABLE ONLY public.auth_group_permissions
    ADD CONSTRAINT auth_group_permissio_permission_id_84c5c92e_fk_auth_perm FOREIGN KEY (permission_id) REFERENCES public.auth_permission(id) DEFERRABLE INITIALLY DEFERRED;


--
-- Name: auth_group_permissions auth_group_permissions_group_id_b120cbf9_fk_auth_group_id; Type: FK CONSTRAINT; Schema: public; Owner: maziahmed
--

ALTER TABLE ONLY public.auth_group_permissions
    ADD CONSTRAINT auth_group_permissions_group_id_b120cbf9_fk_auth_group_id FOREIGN KEY (group_id) REFERENCES public.auth_group(id) DEFERRABLE INITIALLY DEFERRED;


--
-- Name: auth_permission auth_permission_content_type_id_2f476e4b_fk_django_co; Type: FK CONSTRAINT; Schema: public; Owner: maziahmed
--

ALTER TABLE ONLY public.auth_permission
    ADD CONSTRAINT auth_permission_content_type_id_2f476e4b_fk_django_co FOREIGN KEY (content_type_id) REFERENCES public.django_content_type(id) DEFERRABLE INITIALLY DEFERRED;


--
-- Name: auth_user_groups auth_user_groups_group_id_97559544_fk_auth_group_id; Type: FK CONSTRAINT; Schema: public; Owner: maziahmed
--

ALTER TABLE ONLY public.auth_user_groups
    ADD CONSTRAINT auth_user_groups_group_id_97559544_fk_auth_group_id FOREIGN KEY (group_id) REFERENCES public.auth_group(id) DEFERRABLE INITIALLY DEFERRED;


--
-- Name: auth_user_groups auth_user_groups_user_id_6a12ed8b_fk_auth_user_id; Type: FK CONSTRAINT; Schema: public; Owner: maziahmed
--

ALTER TABLE ONLY public.auth_user_groups
    ADD CONSTRAINT auth_user_groups_user_id_6a12ed8b_fk_auth_user_id FOREIGN KEY (user_id) REFERENCES public.auth_user(id) DEFERRABLE INITIALLY DEFERRED;


--
-- Name: auth_user_user_permissions auth_user_user_permi_permission_id_1fbb5f2c_fk_auth_perm; Type: FK CONSTRAINT; Schema: public; Owner: maziahmed
--

ALTER TABLE ONLY public.auth_user_user_permissions
    ADD CONSTRAINT auth_user_user_permi_permission_id_1fbb5f2c_fk_auth_perm FOREIGN KEY (permission_id) REFERENCES public.auth_permission(id) DEFERRABLE INITIALLY DEFERRED;


--
-- Name: auth_user_user_permissions auth_user_user_permissions_user_id_a95ead1b_fk_auth_user_id; Type: FK CONSTRAINT; Schema: public; Owner: maziahmed
--

ALTER TABLE ONLY public.auth_user_user_permissions
    ADD CONSTRAINT auth_user_user_permissions_user_id_a95ead1b_fk_auth_user_id FOREIGN KEY (user_id) REFERENCES public.auth_user(id) DEFERRABLE INITIALLY DEFERRED;


--
-- Name: dialogue_dialogue_messengers dialogue_dialogue_me_dialogue_id_1ab85bcb_fk_dialogue_; Type: FK CONSTRAINT; Schema: public; Owner: maziahmed
--

ALTER TABLE ONLY public.dialogue_dialogue_messengers
    ADD CONSTRAINT dialogue_dialogue_me_dialogue_id_1ab85bcb_fk_dialogue_ FOREIGN KEY (dialogue_id) REFERENCES public.dialogue_dialogue(id) DEFERRABLE INITIALLY DEFERRED;


--
-- Name: dialogue_dialogue_messengers dialogue_dialogue_messengers_user_id_6ea584e3_fk_auth_user_id; Type: FK CONSTRAINT; Schema: public; Owner: maziahmed
--

ALTER TABLE ONLY public.dialogue_dialogue_messengers
    ADD CONSTRAINT dialogue_dialogue_messengers_user_id_6ea584e3_fk_auth_user_id FOREIGN KEY (user_id) REFERENCES public.auth_user(id) DEFERRABLE INITIALLY DEFERRED;


--
-- Name: dialogue_dialogue dialogue_dialogue_product_id_0e329b6a_fk_product_product_id; Type: FK CONSTRAINT; Schema: public; Owner: maziahmed
--

ALTER TABLE ONLY public.dialogue_dialogue
    ADD CONSTRAINT dialogue_dialogue_product_id_0e329b6a_fk_product_product_id FOREIGN KEY (product_id) REFERENCES public.product_product(id) DEFERRABLE INITIALLY DEFERRED;


--
-- Name: dialogue_dialoguetext dialogue_dialoguetex_created_dialogue_id_f1c08f9e_fk_auth_user; Type: FK CONSTRAINT; Schema: public; Owner: maziahmed
--

ALTER TABLE ONLY public.dialogue_dialoguetext
    ADD CONSTRAINT dialogue_dialoguetex_created_dialogue_id_f1c08f9e_fk_auth_user FOREIGN KEY (created_dialogue_id) REFERENCES public.auth_user(id) DEFERRABLE INITIALLY DEFERRED;


--
-- Name: dialogue_dialoguetext dialogue_dialoguetex_dialogue_id_ff0c084a_fk_dialogue_; Type: FK CONSTRAINT; Schema: public; Owner: maziahmed
--

ALTER TABLE ONLY public.dialogue_dialoguetext
    ADD CONSTRAINT dialogue_dialoguetex_dialogue_id_ff0c084a_fk_dialogue_ FOREIGN KEY (dialogue_id) REFERENCES public.dialogue_dialogue(id) DEFERRABLE INITIALLY DEFERRED;


--
-- Name: django_admin_log django_admin_log_content_type_id_c4bce8eb_fk_django_co; Type: FK CONSTRAINT; Schema: public; Owner: maziahmed
--

ALTER TABLE ONLY public.django_admin_log
    ADD CONSTRAINT django_admin_log_content_type_id_c4bce8eb_fk_django_co FOREIGN KEY (content_type_id) REFERENCES public.django_content_type(id) DEFERRABLE INITIALLY DEFERRED;


--
-- Name: django_admin_log django_admin_log_user_id_c564eba6_fk_auth_user_id; Type: FK CONSTRAINT; Schema: public; Owner: maziahmed
--

ALTER TABLE ONLY public.django_admin_log
    ADD CONSTRAINT django_admin_log_user_id_c564eba6_fk_auth_user_id FOREIGN KEY (user_id) REFERENCES public.auth_user(id) DEFERRABLE INITIALLY DEFERRED;


--
-- Name: product_product product_product_category_id_0c725779_fk_product_category_id; Type: FK CONSTRAINT; Schema: public; Owner: maziahmed
--

ALTER TABLE ONLY public.product_product
    ADD CONSTRAINT product_product_category_id_0c725779_fk_product_category_id FOREIGN KEY (category_id) REFERENCES public.product_category(id) DEFERRABLE INITIALLY DEFERRED;


--
-- Name: product_product product_product_created_by_id_96713f93_fk_auth_user_id; Type: FK CONSTRAINT; Schema: public; Owner: maziahmed
--

ALTER TABLE ONLY public.product_product
    ADD CONSTRAINT product_product_created_by_id_96713f93_fk_auth_user_id FOREIGN KEY (created_by_id) REFERENCES public.auth_user(id) DEFERRABLE INITIALLY DEFERRED;


--
-- Name: product_productimage product_productimage_product_id_544084bb_fk_product_product_id; Type: FK CONSTRAINT; Schema: public; Owner: maziahmed
--

ALTER TABLE ONLY public.product_productimage
    ADD CONSTRAINT product_productimage_product_id_544084bb_fk_product_product_id FOREIGN KEY (product_id) REFERENCES public.product_product(id) DEFERRABLE INITIALLY DEFERRED;


--
-- Name: userprofile_userprofile userprofile_userprofile_user_id_59dda034_fk_auth_user_id; Type: FK CONSTRAINT; Schema: public; Owner: maziahmed
--

ALTER TABLE ONLY public.userprofile_userprofile
    ADD CONSTRAINT userprofile_userprofile_user_id_59dda034_fk_auth_user_id FOREIGN KEY (user_id) REFERENCES public.auth_user(id) DEFERRABLE INITIALLY DEFERRED;


--
-- Name: SCHEMA public; Type: ACL; Schema: -; Owner: maziahmed
--

REVOKE USAGE ON SCHEMA public FROM PUBLIC;
GRANT ALL ON SCHEMA public TO PUBLIC;


--
-- PostgreSQL database dump complete
--

